{"cameraMode":{"drawMode":0,"name":"Shaded","section":"Shading Mode"},"sceneLighting":true,"audioPlay":false,"sceneViewState":{"showFog":true,"showMaterialUpdate":false,"showSkybox":true,"showFlares":true,"showImageEffects":true,"showParticleSystems":true,"showVisualEffectGraphs":true},"in2DMode":false,"pivot":{"x":472.5558166503906,"y":292.36199951171877,"z":219.44927978515626},"rotation":{"x":0.05427737534046173,"y":-0.014036957174539566,"z":0.0007703108713030815,"w":0.9984622001647949},"size":947.7402954101563,"orthographic":false}